name,last_vacuum,last_autovacuum,last_analyze,last_autoanalyze,rowcount,dead_rowcount,autovacuum_threshold,expect_autovacuum,autoanalyze_threshold,expect_autoanalyze
public.activity_events,"",2026-03-05 05:45,"",2026-03-11 00:22,"         1,571",             2,           364,no,           207,no
public.audit_log,"",2026-03-10 10:09,"",2026-03-10 10:35,"         2,808",             1,           612,no,           331,no
public.chef_activity_log,"","","",2026-03-11 14:19,           110,            37,            72,no,            61,no
public.chef_breadcrumbs,"",2026-03-05 00:58,"",2026-03-11 15:52,"         5,240",            86,"         1,098",no,           574,no
public.chef_preferences,"","","",2026-03-10 18:24,            39,            35,            58,no,            54,no
public.chefs,"","","",2026-03-10 10:06,            40,            10,            58,no,            54,no
public.clients,"","","",2026-03-10 10:34,           135,            34,            77,no,            64,no
public.communication_action_log,"",2026-03-02 04:07,"",2026-03-02 04:07,             4,            12,            51,no,            50,no
public.communication_events,"",2026-03-02 04:07,"",2026-03-02 04:07,            12,            11,            52,no,            51,no
public.conversation_threads,"",2026-03-02 04:07,"",2026-03-02 04:07,            14,            10,            53,no,            51,no
public.cron_executions,"","","",2026-03-11 15:54,           107,             0,            71,no,            61,no
public.dishes,"","","",2026-03-10 10:34,           162,            25,            82,no,            66,no
public.event_cannabis_settings,"","","",2026-03-10 10:06,           210,             0,            92,no,            71,no
public.event_themes,"","","","",            18,             0,            54,no,            52,no
public.events,"",2026-03-10 22:46,"",2026-03-10 10:34,           265,             0,           103,no,            76,no
public.expenses,"","","",2026-03-10 10:28,            91,            22,            68,no,            59,no
public.fine_tuning_examples,"","","",2026-03-05 11:05,            53,             0,            61,no,            55,no
public.follow_up_timers,"",2026-03-02 04:07,"",2026-03-02 04:07,             2,             9,            50,no,            50,no
public.gmail_historical_findings,"","","",2026-03-11 16:55,            57,             7,            61,no,            56,no
public.gmail_sync_log,"",2026-03-11 15:52,"",2026-03-11 16:55,           494,             0,           149,no,            99,no
public.google_connections,"","","",2026-03-11 16:52,             2,             8,            50,no,            50,no
public.hub_groups,"","","","",             1,             0,            50,no,            50,no
public.hub_messages,"","","","",             1,             0,            50,no,            50,no
public.inquiries,"",2026-03-10 22:31,"",2026-03-11 15:52,           140,            38,            78,no,            64,no
public.ledger_entries,"",2026-02-28 22:47,"",2026-03-10 10:43,           109,             0,            72,no,            61,no
public.loyalty_rewards,"","","",2026-03-05 05:36,            56,             0,            61,no,            56,no
public.menus,"","","",2026-03-10 10:35,            76,            17,            65,no,            58,no
public.messages,"","","",2026-03-02 04:07,             6,            33,            51,no,            51,no
public.notification_delivery_log,"",2026-03-02 04:07,"",2026-03-11 15:10,           111,             0,            72,no,            61,no
public.notifications,"",2026-03-02 04:07,"",2026-03-02 04:07,             0,             0,            50,no,            50,no
public.quotes,"",2026-03-05 16:38,"",2026-03-10 10:16,           215,             4,            93,no,            72,no
public.recipes,"","","",2026-03-04 06:10,            33,            49,            57,no,            53,no
public.referral_partners,"","","",2026-03-10 03:35,            10,            25,            52,no,            51,no
public.register_sessions,"","","","",            16,            16,            53,no,            52,no
public.remy_memories,"",2026-03-10 10:31,"",2026-03-10 10:31,            22,            31,            54,no,            52,no
public.simulation_results,"","","",2026-03-08 05:27,           310,             0,           112,no,            81,no
public.simulation_runs,"","","",2026-03-10 01:37,           126,            11,            75,no,            63,no
public.staff_members,"","","",2026-03-10 10:06,            15,            19,            53,no,            52,no
public.user_roles,"",2026-02-21 06:08,"",2026-03-10 22:46,            70,            19,            64,no,            57,no
public.ab_tests,"","","","",            -1,             0,            50,no,            50,no
public.account_deletion_audit,"","","","",            -1,             0,            50,no,            50,no
public.activity_events_archive,"","","","",            -1,             0,            50,no,            50,no
public.admin_audit_log,"","","","",            -1,             0,            50,no,            50,no
public.admin_time_logs,"","","","",            -1,             0,            50,no,            50,no
public.after_action_reviews,"","","","",            -1,             0,            50,no,            50,no
public.ai_preferences,"","","","",            -1,             1,            50,no,            50,no
public.ai_task_queue,"","","","",            -1,             0,            50,no,            50,no
public.automated_sequences,"","","","",            -1,             0,            50,no,            50,no
public.automation_execution_log,"","","","",            -1,             0,            50,no,            50,no
public.automation_executions,"","","","",            -1,             0,            50,no,            50,no
public.automation_rules,"","","","",            -1,             0,            50,no,            50,no
public.availability_signal_notification_log,"","","","",            -1,             0,            50,no,            50,no
public.bake_schedule,"","","","",            -1,             0,            50,no,            50,no
public.bakery_batches,"","","","",            -1,             0,            50,no,            50,no
public.bakery_orders,"","","","",            -1,             0,            50,no,            50,no
public.bakery_ovens,"","","","",            -1,             0,            50,no,            50,no
public.bakery_par_stock,"","","","",            -1,             0,            50,no,            50,no
public.bakery_production_log,"","","","",            -1,             0,            50,no,            50,no
public.bakery_seasonal_items,"","","","",            -1,             0,            50,no,            50,no
public.bakery_tastings,"","","","",            -1,             0,            50,no,            50,no
public.bakery_yield_records,"","","","",            -1,             0,            50,no,            50,no
public.bank_connections,"","","","",            -1,             0,            50,no,            50,no
public.bank_transactions,"","","","",            -1,             0,            50,no,            50,no
public.benchmark_snapshots,"","","","",            -1,             0,            50,no,            50,no
public.beta_signups,"","","","",            -1,             0,            50,no,            50,no
public.beta_survey_definitions,"","","","",            -1,             0,            50,no,            50,no
public.beta_survey_invites,"","","","",            -1,             0,            50,no,            50,no
public.beta_survey_responses,"","","","",            -1,             0,            50,no,            50,no
public.beverages,"","","","",            -1,             0,            50,no,            50,no
public.booking_availability_rules,"","","","",            -1,             0,            50,no,            50,no
public.booking_daily_caps,"","","","",            -1,             0,            50,no,            50,no
public.booking_date_overrides,"","","","",            -1,             0,            50,no,            50,no
public.booking_event_types,"","","","",            -1,             0,            50,no,            50,no
public.business_locations,"","","","",            -1,             0,            50,no,            50,no
public.campaign_recipients,"","","","",            -1,             0,            50,no,            50,no
public.campaign_templates,"","","","",            -1,             0,            50,no,            50,no
public.cannabis_control_packet_evidence,"","","","",            -1,             0,            50,no,            50,no
public.cannabis_control_packet_reconciliations,"","","","",            -1,             0,            50,no,            50,no
public.cannabis_control_packet_snapshots,"","","","",            -1,             0,            50,no,            50,no
public.cannabis_event_details,"","","","",            -1,             0,            50,no,            50,no
public.cannabis_host_agreements,"","","","",            -1,             0,            50,no,            50,no
public.cannabis_tier_invitations,"","","","",            -1,             0,            50,no,            50,no
public.cannabis_tier_users,"","","","",            -1,             0,            50,no,            50,no
public.cash_drawer_movements,"","","","",            -1,             0,            50,no,            50,no
public.charity_hours,"","","","",            -1,             0,            50,no,            50,no
public.chat_messages,"","","","",            -1,             0,            50,no,            50,no
public.chef_api_keys,"","","","",            -1,             0,            50,no,            50,no
public.chef_automation_settings,"","","","",            -1,             0,            50,no,            50,no
public.chef_availability_blocks,"","","","",            -1,             0,            50,no,            50,no
public.chef_availability_share_tokens,"","","","",            -1,             0,            50,no,            50,no
public.chef_availability_signals,"","","","",            -1,             0,            50,no,            50,no
public.chef_backup_contacts,"","","","",            -1,             0,            50,no,            50,no
public.chef_brand_mentions,"","","","",            -1,             0,            50,no,            50,no
public.chef_budgets,"","","","",            -1,             0,            50,no,            50,no
public.chef_business_health_items,"","","","",            -1,             0,            50,no,            50,no
public.chef_calendar_entries,"","","","",            -1,             6,            50,no,            50,no
public.chef_capability_inventory,"","","","",            -1,             0,            50,no,            50,no
public.chef_certifications,"","","","",            -1,             0,            50,no,            50,no
public.chef_channel_memberships,"","","","",            -1,             0,            50,no,            50,no
public.chef_comment_reactions,"","","","",            -1,             0,            50,no,            50,no
public.chef_connections,"","","","",            -1,             1,            50,no,            50,no
public.chef_creative_projects,"","","","",            -1,             0,            50,no,            50,no
public.chef_crisis_plans,"","","","",            -1,             0,            50,no,            50,no
public.chef_culinary_profiles,"","","","",            -1,             0,            50,no,            50,no
public.chef_culinary_words,"","","","",            -1,             0,            50,no,            50,no
public.chef_daily_briefings,"","","","",            -1,             0,            50,no,            50,no
public.chef_documents,"","","","",            -1,             0,            50,no,            50,no
public.chef_education_log,"","","","",            -1,             0,            50,no,            50,no
public.chef_emergency_contacts,"","","","",            -1,             0,            50,no,            50,no
public.chef_event_type_labels,"","","","",            -1,             0,            50,no,            50,no
public.chef_feature_flags,"","","","",            -1,             0,            50,no,            50,no
public.chef_feedback,"","","","",            -1,             0,            50,no,            50,no
public.chef_folders,"","","","",            -1,             0,            50,no,            50,no
public.chef_follows,"","","","",            -1,             0,            50,no,            50,no
public.chef_goals,"","","","",            -1,             0,            50,no,            50,no
public.chef_growth_checkins,"","","","",            -1,             0,            50,no,            50,no
public.chef_handoff_events,"","","","",            -1,             0,            50,no,            50,no
public.chef_handoff_recipients,"","","","",            -1,             0,            50,no,            50,no
public.chef_handoffs,"","","","",            -1,             0,            50,no,            50,no
public.chef_incidents,"","","","",            -1,             0,            50,no,            50,no
public.chef_insurance_policies,"","","","",            -1,             0,            50,no,            50,no
public.chef_journal_media,"","","","",            -1,             0,            50,no,            50,no
public.chef_journal_recipe_links,"","","","",            -1,             0,            50,no,            50,no
public.chef_journey_entries,"","","","",            -1,             0,            50,no,            50,no
public.chef_journey_ideas,"","","","",            -1,             0,            50,no,            50,no
public.chef_journeys,"","","","",            -1,             0,            50,no,            50,no
public.chef_momentum_snapshots,"","","","",            -1,             0,            50,no,            50,no
public.chef_network_contact_shares,"","","","",            -1,             0,            50,no,            50,no
public.chef_network_feature_preferences,"","","","",            -1,             0,            50,no,            50,no
public.chef_network_posts,"","","","",            -1,             0,            50,no,            50,no
public.chef_portfolio_removal_requests,"","","","",            -1,             0,            50,no,            50,no
public.chef_post_comments,"","","","",            -1,             0,            50,no,            50,no
public.chef_post_hashtags,"","","","",            -1,             0,            50,no,            50,no
public.chef_post_mentions,"","","","",            -1,             0,            50,no,            50,no
public.chef_post_reactions,"","","","",            -1,             0,            50,no,            50,no
public.chef_post_saves,"","","","",            -1,             0,            50,no,            50,no
public.chef_profiles,"","","","",            -1,             0,            50,no,            50,no
public.chef_reminders,"","","","",            -1,             0,            50,no,            50,no
public.chef_scheduling_rules,"","","","",            -1,             0,            50,no,            50,no
public.chef_service_types,"","","","",            -1,             0,            50,no,            50,no
public.chef_social_channels,"","","","",            -1,             0,            50,no,            50,no
public.chef_social_hashtags,"","","","",            -1,             0,            50,no,            50,no
public.chef_social_notifications,"","","","",            -1,             0,            50,no,            50,no
public.chef_social_posts,"","","","",            -1,             0,            50,no,            50,no
public.chef_stories,"","","","",            -1,             0,            50,no,            50,no
public.chef_story_reactions,"","","","",            -1,             0,            50,no,            50,no
public.chef_story_views,"","","","",            -1,             0,            50,no,            50,no
public.chef_team_members,"","","","",            -1,             0,            50,no,            50,no
public.chef_todos,"","","","",            -1,             0,            50,no,            50,no
public.chef_trusted_circle,"","","","",            -1,             0,            50,no,            50,no
public.client_allergy_records,"","","","",            -1,             0,            50,no,            50,no
public.client_connections,"","","","",            -1,             0,            50,no,            50,no
public.client_incentives,"","","","",            -1,             0,            50,no,            50,no
public.client_invitations,"","","","",            -1,             0,            50,no,            50,no
public.client_meal_prep_preferences,"","","","",            -1,             0,            50,no,            50,no
public.client_meal_requests,"","","","",            -1,             0,            50,no,            50,no
public.client_notes,"","","","",            -1,             0,            50,no,            50,no
public.client_outreach_log,"","","","",            -1,             0,            50,no,            50,no
public.client_photos,"","","","",            -1,             0,            50,no,            50,no
public.client_preference_patterns,"","","","",            -1,             0,            50,no,            50,no
public.client_preferences,"","","","",            -1,             5,            50,no,            50,no
public.client_quick_requests,"","","","",            -1,             0,            50,no,            50,no
public.client_referrals,"","","","",            -1,             0,            50,no,            50,no
public.client_reviews,"","","","",            -1,            10,            50,no,            50,no
public.client_satisfaction_surveys,"","","","",            -1,             0,            50,no,            50,no
public.client_segments,"","","","",            -1,             0,            50,no,            50,no
public.client_tags,"","","","",            -1,             0,            50,no,            50,no
public.clipboard_entries,"","","","",            -1,             0,            50,no,            50,no
public.commerce_dining_checks,"","","","",            -1,             0,            50,no,            50,no
public.commerce_dining_tables,"","","","",            -1,             0,            50,no,            50,no
public.commerce_dining_zones,"","","","",            -1,             0,            50,no,            50,no
public.commerce_payment_schedules,"","","","",            -1,             0,            50,no,            50,no
public.commerce_payments,"","","","",            -1,             0,            50,no,            50,no
public.commerce_promotions,"","","","",            -1,             0,            50,no,            50,no
public.commerce_refunds,"","","","",            -1,             0,            50,no,            50,no
public.communication_classification_rules,"","","","",            -1,             0,            50,no,            50,no
public.communication_log,"","","","",            -1,             0,            50,no,            50,no
public.community_templates,"","","","",            -1,             0,            50,no,            50,no
public.competitor_benchmarks,"","","","",            -1,             0,            50,no,            50,no
public.compliance_cleaning_logs,"","","","",            -1,             0,            50,no,            50,no
public.compliance_temp_logs,"","","","",            -1,             0,            50,no,            50,no
public.components,"","","","",            -1,             0,            50,no,            50,no
public.contact_submissions,"","","","",            -1,             1,            50,no,            50,no
public.container_inventory,"","","","",            -1,             0,            50,no,            50,no
public.container_transactions,"","","","",            -1,             0,            50,no,            50,no
public.content_performance,"","","","",            -1,             0,            50,no,            50,no
public.contract_templates,"","","","",            -1,             0,            50,no,            50,no
public.contractor_payments,"","","","",            -1,             0,            50,no,            50,no
public.contractor_service_agreements,"","","","",            -1,             0,            50,no,            50,no
public.conversation_participants,"","","","",            -1,             0,            50,no,            50,no
public.conversation_thread_reads,"","","","",            -1,             7,            50,no,            50,no
public.conversations,"","","","",            -1,             0,            50,no,            50,no
public.copilot_actions,"","","","",            -1,             0,            50,no,            50,no
public.copilot_recommendations,"","","","",            -1,             0,            50,no,            50,no
public.copilot_run_errors,"","","","",            -1,             0,            50,no,            50,no
public.copilot_runs,"","","","",            -1,             0,            50,no,            50,no
public.custom_field_definitions,"","","","",            -1,             0,            50,no,            50,no
public.custom_field_values,"","","","",            -1,             0,            50,no,            50,no
public.daily_plan_dismissals,"","","","",            -1,             0,            50,no,            50,no
public.daily_plan_drafts,"","","","",            -1,             0,            50,no,            50,no
public.daily_reconciliation_reports,"","","","",            -1,             0,            50,no,            50,no
public.daily_reports,"","","","",            -1,             0,            50,no,            50,no
public.daily_revenue,"","","","",            -1,             0,            50,no,            50,no
public.daily_specials,"","","","",            -1,             0,            50,no,            50,no
public.daily_tax_summary,"","","","",            -1,             0,            50,no,            50,no
public.dead_letter_queue,"","","","",            -1,             0,            50,no,            50,no
public.demand_forecasts,"","","","",            -1,             0,            50,no,            50,no
public.device_events,"","","","",            -1,             0,            50,no,            50,no
public.device_sessions,"","","","",            -1,             0,            50,no,            50,no
public.devices,"","","","",            -1,             0,            50,no,            50,no
public.dietary_confirmations,"","","","",            -1,             0,            50,no,            50,no
public.dietary_conflict_alerts,"","","","",            -1,             0,            50,no,            50,no
public.direct_outreach_log,"","","","",            -1,             0,            50,no,            50,no
public.dish_appearances,"","","","",            -1,             0,            50,no,            50,no
public.dish_feedback,"","","","",            -1,             0,            50,no,            50,no
public.dish_index,"","","","",            -1,             0,            50,no,            50,no
public.dish_variations,"","","","",            -1,             0,            50,no,            50,no
public.display_case_items,"","","","",            -1,             0,            50,no,            50,no
public.document_comments,"","","","",            -1,             0,            50,no,            50,no
public.document_versions,"","","","",            -1,             0,            50,no,            50,no
public.dop_task_completions,"","","","",            -1,             0,            50,no,            50,no
public.email_sender_reputation,"","","","",            -1,             0,            50,no,            50,no
public.employees,"","","","",            -1,             0,            50,no,            50,no
public.entity_photos,"","","","",            -1,             0,            50,no,            50,no
public.entity_templates,"","","","",            -1,             0,            50,no,            50,no
public.equipment_depreciation_schedules,"","","","",            -1,             0,            50,no,            50,no
public.equipment_items,"","","","",            -1,             0,            50,no,            50,no
public.equipment_rentals,"","","","",            -1,             0,            50,no,            50,no
public.event_alcohol_logs,"","","","",            -1,             0,            50,no,            50,no
public.event_cannabis_course_config,"","","","",            -1,             0,            50,no,            50,no
public.event_collaborators,"","","","",            -1,             0,            50,no,            50,no
public.event_contingency_notes,"","","","",            -1,             0,            50,no,            50,no
public.event_contract_signers,"","","","",            -1,             0,            50,no,            50,no
public.event_contract_versions,"","","","",            -1,             0,            50,no,            50,no
public.event_contracts,"","","","",            -1,             0,            50,no,            50,no
public.event_document_generation_jobs,"","","","",            -1,             0,            50,no,            50,no
public.event_document_snapshots,"","","","",            -1,             0,            50,no,            50,no
public.event_equipment_assignments,"","","","",            -1,             0,            50,no,            50,no
public.event_equipment_checklist,"","","","",            -1,             0,            50,no,            50,no
public.event_equipment_rentals,"","","","",            -1,             0,            50,no,            50,no
public.event_floor_plans,"","","","",            -1,             0,            50,no,            50,no
public.event_guest_dietary_items,"","","","",            -1,             0,            50,no,            50,no
public.event_guest_rsvp_audit,"","","","",            -1,             0,            50,no,            50,no
public.event_guests,"","","","",            -1,             0,            50,no,            50,no
public.event_join_requests,"","","","",            -1,             0,            50,no,            50,no
public.event_leftover_details,"","","","",            -1,             0,            50,no,            50,no
public.event_live_status,"","","","",            -1,             0,            50,no,            50,no
public.event_photos,"","","","",            -1,             0,            50,no,            50,no
public.event_prep_blocks,"","","","",            -1,             0,            50,no,            50,no
public.event_prep_steps,"","","","",            -1,             0,            50,no,            50,no
public.event_safety_checklists,"","","","",            -1,             0,            50,no,            50,no
public.event_sales_tax,"","","","",            -1,             0,            50,no,            50,no
public.event_series,"","","","",            -1,             0,            50,no,            50,no
public.event_service_sessions,"","","","",            -1,             0,            50,no,            50,no
public.event_share_invite_events,"","","","",            -1,             0,            50,no,            50,no
public.event_share_invites,"","","","",            -1,             0,            50,no,            50,no
public.event_shares,"","","","",            -1,             0,            50,no,            50,no
public.event_site_assessments,"","","","",            -1,             0,            50,no,            50,no
public.event_staff_assignments,"","","","",            -1,             0,            50,no,            50,no
public.event_state_transitions,"","","","",            -1,             0,            50,no,            50,no
public.event_station_assignments,"","","","",            -1,             0,            50,no,            50,no
public.event_stubs,"","","","",            -1,             3,            50,no,            50,no
public.event_surveys,"","","","",            -1,             0,            50,no,            50,no
public.event_temp_logs,"","","","",            -1,             0,            50,no,            50,no
public.event_tips,"","","","",            -1,             0,            50,no,            50,no
public.event_travel_legs,"","","","",            -1,             0,            50,no,            50,no
public.event_vendor_deliveries,"","","","",            -1,             0,            50,no,            50,no
public.external_review_sources,"","","","",            -1,             0,            50,no,            50,no
public.external_reviews,"","","","",            -1,             0,            50,no,            50,no
public.favorite_chefs,"","","","",            -1,             0,            50,no,            50,no
public.feedback_requests,"","","","",            -1,             0,            50,no,            50,no
public.feedback_responses,"","","","",            -1,             0,            50,no,            50,no
public.fermentation_logs,"","","","",            -1,             0,            50,no,            50,no
public.followup_rules,"","","","",            -1,             0,            50,no,            50,no
public.front_of_house_menus,"","","","",            -1,             0,            50,no,            50,no
public.gift_card_purchase_intents,"","","","",            -1,             0,            50,no,            50,no
public.gift_card_transactions,"","","","",            -1,             0,            50,no,            50,no
public.gift_cards,"","","","",            -1,             0,            50,no,            50,no
public.goal_check_ins,"","","","",            -1,             0,            50,no,            50,no
public.goal_client_suggestions,"","","","",            -1,             0,            50,no,            50,no
public.goal_snapshots,"","","","",            -1,             0,            50,no,            50,no
public.grocery_price_quote_items,"","","","",            -1,             0,            50,no,            50,no
public.grocery_price_quotes,"","","","",            -1,             0,            50,no,            50,no
public.guest_communication_logs,"","","","",            -1,             0,            50,no,            50,no
public.guest_comps,"","","","",            -1,             0,            50,no,            50,no
public.guest_event_profile,"","","","",            -1,             0,            50,no,            50,no
public.guest_leads,"","","","",            -1,             0,            50,no,            50,no
public.guest_messages,"","","","",            -1,             0,            50,no,            50,no
public.guest_photos,"","","","",            -1,             0,            50,no,            50,no
public.guest_reservations,"","","","",            -1,             0,            50,no,            50,no
public.guest_tags,"","","","",            -1,             0,            50,no,            50,no
public.guest_testimonials,"","","","",            -1,             0,            50,no,            50,no
public.guest_visits,"","","","",            -1,             0,            50,no,            50,no
public.guests,"","","","",            -1,             0,            50,no,            50,no
public.haccp_plans,"","","","",            -1,             0,            50,no,            50,no
public.health_insurance_premiums,"","","","",            -1,             0,            50,no,            50,no
public.household_members,"","","","",            -1,             0,            50,no,            50,no
public.households,"","","","",            -1,             0,            50,no,            50,no
public.hub_availability,"","","","",            -1,             0,            50,no,            50,no
public.hub_availability_responses,"","","","",            -1,             0,            50,no,            50,no
public.hub_chef_recommendations,"","","","",            -1,             0,            50,no,            50,no
public.hub_group_events,"","","","",            -1,             0,            50,no,            50,no
public.hub_group_members,"","","","",            -1,             0,            50,no,            50,no
public.hub_guest_event_history,"","","","",            -1,             0,            50,no,            50,no
public.hub_guest_friends,"","","","",            -1,             0,            50,no,            50,no
public.hub_guest_profiles,"","","","",            -1,            32,            50,no,            50,no
public.hub_media,"","","","",            -1,             0,            50,no,            50,no
public.hub_message_reactions,"","","","",            -1,             0,            50,no,            50,no
public.hub_pinned_notes,"","","","",            -1,             0,            50,no,            50,no
public.hub_poll_options,"","","","",            -1,             0,            50,no,            50,no
public.hub_poll_votes,"","","","",            -1,             0,            50,no,            50,no
public.hub_polls,"","","","",            -1,             0,            50,no,            50,no
public.incentive_deliveries,"","","","",            -1,             0,            50,no,            50,no
public.incentive_redemptions,"","","","",            -1,             0,            50,no,            50,no
public.ingredient_price_history,"","","","",            -1,             0,            50,no,            50,no
public.ingredient_shelf_life_defaults,"","","","",            -1,             0,            50,no,            50,no
public.ingredients,"","","","",            -1,             0,            50,no,            50,no
public.inquiry_notes,"","","","",            -1,             0,            50,no,            50,no
public.inquiry_recipe_links,"","","","",            -1,             0,            50,no,            50,no
public.inquiry_state_transitions,"","","","",            -1,             0,            50,no,            50,no
public.integration_connections,"","","","",            -1,             0,            50,no,            50,no
public.integration_entity_links,"","","","",            -1,             0,            50,no,            50,no
public.integration_events,"","","","",            -1,             0,            50,no,            50,no
public.integration_field_mappings,"","","","",            -1,             0,            50,no,            50,no
public.integration_sync_jobs,"","","","",            -1,             0,            50,no,            50,no
public.inventory_audit_items,"","","","",            -1,             0,            50,no,            50,no
public.inventory_audits,"","","","",            -1,             0,            50,no,            50,no
public.inventory_batches,"","","","",            -1,             0,            50,no,            50,no
public.inventory_counts,"","","","",            -1,             0,            50,no,            50,no
public.inventory_lots,"","","","",            -1,             0,            50,no,            50,no
public.inventory_transactions,"","","","",            -1,             0,            50,no,            50,no
public.job_retry_log,"","","","",            -1,             0,            50,no,            50,no
public.kds_tickets,"","","","",            -1,             0,            50,no,            50,no
public.kitchen_rentals,"","","","",            -1,             0,            50,no,            50,no
public.learning_goals,"","","","",            -1,             0,            50,no,            50,no
public.loyalty_config,"","","","",            -1,            13,            50,no,            50,no
public.loyalty_reward_redemptions,"","","","",            -1,             0,            50,no,            50,no
public.loyalty_transactions,"","","","",            -1,             0,            50,no,            50,no
public.marketing_campaigns,"","","","",            -1,             0,            50,no,            50,no
public.marketing_spend_log,"","","","",            -1,             0,            50,no,            50,no
public.meal_prep_batch_log,"","","","",            -1,             0,            50,no,            50,no
public.meal_prep_deliveries,"","","","",            -1,             0,            50,no,            50,no
public.meal_prep_programs,"","","","",            -1,             0,            50,no,            50,no
public.menu_approval_requests,"","","","",            -1,             0,            50,no,            50,no
public.menu_beverage_pairings,"","","","",            -1,             0,            50,no,            50,no
public.menu_modifications,"","","","",            -1,             0,            50,no,            50,no
public.menu_preferences,"","","","",            -1,             0,            50,no,            50,no
public.menu_state_transitions,"","","","",            -1,             0,            50,no,            50,no
public.menu_templates,"","","","",            -1,             0,            50,no,            50,no
public.menu_upload_jobs,"","","","",            -1,             0,            50,no,            50,no
public.mileage_logs,"","","","",            -1,             0,            50,no,            50,no
public.mutation_idempotency,"","","","",            -1,             0,            50,no,            50,no
public.newsletter_subscribers,"","","","",            -1,             0,            50,no,            50,no
public.notification_preferences,"","","","",            -1,             0,            50,no,            50,no
public.ops_log,"","","","",            -1,             0,            50,no,            50,no
public.order_queue,"","","","",            -1,             0,            50,no,            50,no
public.order_requests,"","","","",            -1,             0,            50,no,            50,no
public.packing_confirmations,"","","","",            -1,             0,            50,no,            50,no
public.packing_templates,"","","","",            -1,             0,            50,no,            50,no
public.partner_images,"","","","",            -1,             0,            50,no,            50,no
public.partner_locations,"","","","",            -1,             0,            50,no,            50,no
public.payment_disputes,"","","","",            -1,             0,            50,no,            50,no
public.payment_plan_installments,"","","","",            -1,             0,            50,no,            50,no
public.payroll_941_summaries,"","","","",            -1,             0,            50,no,            50,no
public.payroll_records,"","","","",            -1,             0,            50,no,            50,no
public.payroll_w2_summaries,"","","","",            -1,             0,            50,no,            50,no
public.permits,"","","","",            -1,             0,            50,no,            50,no
public.platform_fee_ledger,"","","","",            -1,             0,            50,no,            50,no
public.platform_settings,"","","","",            -1,             0,            50,no,            50,no
public.plating_guides,"","","","",            -1,             0,            50,no,            50,no
public.portfolio_items,"","","","",            -1,             0,            50,no,            50,no
public.pos_alert_events,"","","","",            -1,             0,            50,no,            50,no
public.pos_metric_snapshots,"","","","",            -1,             0,            50,no,            50,no
public.product_modifier_assignments,"","","","",            -1,             0,            50,no,            50,no
public.product_modifier_groups,"","","","",            -1,             0,            50,no,            50,no
public.product_modifiers,"","","","",            -1,             0,            50,no,            50,no
public.product_projections,"","","","",            -1,             0,            50,no,            50,no
public.product_public_media_links,"","","","",            -1,             0,            50,no,            50,no
public.professional_achievements,"","","","",            -1,             0,            50,no,            50,no
public.profile_highlights,"","","","",            -1,             0,            50,no,            50,no
public.proposal_addon_selections,"","","","",            -1,             0,            50,no,            50,no
public.proposal_addons,"","","","",            -1,             0,            50,no,            50,no
public.proposal_sections,"","","","",            -1,             0,            50,no,            50,no
public.proposal_templates,"","","","",            -1,             0,            50,no,            50,no
public.proposal_tokens,"","","","",            -1,             0,            50,no,            50,no
public.proposal_views,"","","","",            -1,             0,            50,no,            50,no
public.prospect_call_scripts,"","","","",            -1,             0,            50,no,            50,no
public.prospect_notes,"","","","",            -1,             0,            50,no,            50,no
public.prospect_outreach_log,"","","","",            -1,             0,            50,no,            50,no
public.prospect_scrub_sessions,"","","","",            -1,             9,            50,no,            50,no
public.prospect_stage_history,"","","","",            -1,             0,            50,no,            50,no
public.prospects,"","","","",            -1,             0,            50,no,            50,no
public.public_data_source_logs,"","","","",            -1,             0,            50,no,            50,no
public.public_food_recall_snapshots,"","","","",            -1,             0,            50,no,            50,no
public.public_ingredient_references,"","","","",            -1,             0,            50,no,            50,no
public.public_location_references,"","","","",            -1,             0,            50,no,            50,no
public.public_media_assets,"","","","",            -1,             0,            50,no,            50,no
public.public_product_references,"","","","",            -1,             0,            50,no,            50,no
public.public_weather_risk_snapshots,"","","","",            -1,             0,            50,no,            50,no
public.purchase_order_items,"","","","",            -1,             0,            50,no,            50,no
public.purchase_orders,"","","","",            -1,             0,            50,no,            50,no
public.push_subscriptions,"","","","",            -1,             0,            50,no,            50,no
public.qol_metric_events,"","","","",            -1,             0,            50,no,            50,no
public.qr_codes,"","","","",            -1,             0,            50,no,            50,no
public.qr_scans,"","","","",            -1,             0,            50,no,            50,no
public.quote_addons,"","","","",            -1,             0,            50,no,            50,no
public.quote_line_items,"","","","",            -1,             0,            50,no,            50,no
public.quote_selected_addons,"","","","",            -1,             0,            50,no,            50,no
public.quote_state_transitions,"","","","",            -1,             0,            50,no,            50,no
public.raffle_entries,"","","","",            -1,             0,            50,no,            50,no
public.raffle_rounds,"","","","",            -1,             0,            50,no,            50,no
public.rebook_tokens,"","","","",            -1,             0,            50,no,            50,no
public.receipt_extractions,"","","","",            -1,             0,            50,no,            50,no
public.receipt_line_items,"","","","",            -1,             0,            50,no,            50,no
public.receipt_photos,"","","","",            -1,             0,            50,no,            50,no
public.recipe_ingredients,"","","","",            -1,             0,            50,no,            50,no
public.recipe_nutrition,"","","","",            -1,             0,            50,no,            50,no
public.recipe_production_log,"","","","",            -1,             0,            50,no,            50,no
public.recipe_shares,"","","","",            -1,             0,            50,no,            50,no
public.recipe_sub_recipes,"","","","",            -1,             0,            50,no,            50,no
public.recurring_invoice_history,"","","","",            -1,             0,            50,no,            50,no
public.recurring_invoices,"","","","",            -1,             0,            50,no,            50,no
public.recurring_menu_recommendations,"","","","",            -1,             0,            50,no,            50,no
public.recurring_services,"","","","",            -1,             0,            50,no,            50,no
public.referral_request_log,"","","","",            -1,             0,            50,no,            50,no
public.remy_abuse_log,"","","","",            -1,             0,            50,no,            50,no
public.remy_action_audit_log,"","","","",            -1,             0,            50,no,            50,no
public.remy_approval_policies,"","","","",            -1,             0,            50,no,            50,no
public.remy_artifacts,"","","","",            -1,             4,            50,no,            50,no
public.remy_conversations,"","","","",            -1,            33,            50,no,            50,no
public.remy_feedback,"","","","",            -1,             0,            50,no,            50,no
public.remy_messages,"","","","",            -1,             0,            50,no,            50,no
public.remy_support_shares,"","","","",            -1,             0,            50,no,            50,no
public.remy_usage_metrics,"","","","",            -1,             0,            50,no,            50,no
public.reorder_settings,"","","","",            -1,             0,            50,no,            50,no
public.response_templates,"","","","",            -1,             0,            50,no,            50,no
public.retainer_periods,"","","","",            -1,             0,            50,no,            50,no
public.retainers,"","","","",            -1,             0,            50,no,            50,no
public.retirement_contributions,"","","","",            -1,             0,            50,no,            50,no
public.rsvp_reminder_log,"","","","",            -1,             0,            50,no,            50,no
public.sale_applied_promotions,"","","","",            -1,             0,            50,no,            50,no
public.sale_items,"","","","",            -1,             0,            50,no,            50,no
public.sales,"","","","",            -1,             0,            50,no,            50,no
public.sales_tax_remittances,"","","","",            -1,             0,            50,no,            50,no
public.sales_tax_settings,"","","","",            -1,             0,            50,no,            50,no
public.scheduled_calls,"","","","",            -1,             0,            50,no,            50,no
public.scheduled_shifts,"","","","",            -1,             0,            50,no,            50,no
public.seasonal_palettes,"","","","",            -1,             1,            50,no,            50,no
public.sequence_enrollments,"","","","",            -1,             0,            50,no,            50,no
public.sequence_steps,"","","","",            -1,             0,            50,no,            50,no
public.served_dish_history,"","","","",            -1,             0,            50,no,            50,no
public.service_courses,"","","","",            -1,             0,            50,no,            50,no
public.settlement_records,"","","","",            -1,             0,            50,no,            50,no
public.shift_logs,"","","","",            -1,             0,            50,no,            50,no
public.shift_swap_requests,"","","","",            -1,             0,            50,no,            50,no
public.shift_templates,"","","","",            -1,             0,            50,no,            50,no
public.shopping_lists,"","","","",            -1,             0,            50,no,            50,no
public.shopping_substitutions,"","","","",            -1,             0,            50,no,            50,no
public.smart_field_values,"","","","",            -1,             0,            50,no,            50,no
public.sms_messages,"","","","",            -1,             0,            50,no,            50,no
public.sms_send_log,"","","","",            -1,             0,            50,no,            50,no
public.social_connected_accounts,"","","","",            -1,             0,            50,no,            50,no
public.social_hashtag_sets,"","","","",            -1,             0,            50,no,            50,no
public.social_media_assets,"","","","",            -1,             0,            50,no,            50,no
public.social_oauth_states,"","","","",            -1,             0,            50,no,            50,no
public.social_platform_credentials,"","","","",            -1,             0,            50,no,            50,no
public.social_post_assets,"","","","",            -1,             0,            50,no,            50,no
public.social_posts,"","","","",            -1,             0,            50,no,            50,no
public.social_queue_settings,"","","","",            -1,             0,            50,no,            50,no
public.social_stats_snapshots,"","","","",            -1,             0,            50,no,            50,no
public.sop_completions,"","","","",            -1,             0,            50,no,            50,no
public.sops,"","","","",            -1,             0,            50,no,            50,no
public.staff_availability,"","","","",            -1,             0,            50,no,            50,no
public.staff_clock_entries,"","","","",            -1,             0,            50,no,            50,no
public.staff_meal_items,"","","","",            -1,             0,            50,no,            50,no
public.staff_meals,"","","","",            -1,             0,            50,no,            50,no
public.staff_onboarding_items,"","","","",            -1,             0,            50,no,            50,no
public.staff_performance_scores,"","","","",            -1,             0,            50,no,            50,no
public.station_components,"","","","",            -1,             0,            50,no,            50,no
public.station_menu_items,"","","","",            -1,             0,            50,no,            50,no
public.stations,"","","","",            -1,             0,            50,no,            50,no
public.stocktake_items,"","","","",            -1,             0,            50,no,            50,no
public.stocktakes,"","","","",            -1,             0,            50,no,            50,no
public.storage_locations,"","","","",            -1,             0,            50,no,            50,no
public.stripe_transfers,"","","","",            -1,             0,            50,no,            50,no
public.suggested_links,"","","","",            -1,            13,            50,no,            50,no
public.system_ingredients,"","","","",            -1,             0,            50,no,            50,no
public.task_completion_log,"","","","",            -1,             0,            50,no,            50,no
public.task_templates,"","","","",            -1,             0,            50,no,            50,no
public.tasks,"","","","",            -1,             0,            50,no,            50,no
public.tax_collected,"","","","",            -1,             0,            50,no,            50,no
public.tax_filings,"","","","",            -1,             0,            50,no,            50,no
public.tax_jurisdictions,"","","","",            -1,             0,            50,no,            50,no
public.tax_quarterly_estimates,"","","","",            -1,             0,            50,no,            50,no
public.tax_settings,"","","","",            -1,             0,            50,no,            50,no
public.tenant_settings,"","","","",            -1,             0,            50,no,            50,no
public.time_blocks,"","","","",            -1,             0,            50,no,            50,no
public.tip_distributions,"","","","",            -1,             0,            50,no,            50,no
public.tip_entries,"","","","",            -1,             0,            50,no,            50,no
public.tip_pool_configs,"","","","",            -1,             0,            50,no,            50,no
public.travel_leg_ingredients,"","","","",            -1,             0,            50,no,            50,no
public.truck_locations,"","","","",            -1,             0,            50,no,            50,no
public.truck_preorders,"","","","",            -1,             0,            50,no,            50,no
public.truck_schedule,"","","","",            -1,             0,            50,no,            50,no
public.unused_ingredients,"","","","",            -1,             0,            50,no,            50,no
public.user_feedback,"","","","",            -1,             0,            50,no,            50,no
public.vehicle_maintenance,"","","","",            -1,             0,            50,no,            50,no
public.vendor_catalog_import_rows,"","","","",            -1,             0,            50,no,            50,no
public.vendor_document_uploads,"","","","",            -1,             0,            50,no,            50,no
public.vendor_invoice_items,"","","","",            -1,             0,            50,no,            50,no
public.vendor_invoice_line_items,"","","","",            -1,             0,            50,no,            50,no
public.vendor_invoices,"","","","",            -1,             0,            50,no,            50,no
public.vendor_items,"","","","",            -1,             0,            50,no,            50,no
public.vendor_preferred_ingredients,"","","","",            -1,             0,            50,no,            50,no
public.vendor_price_alert_settings,"","","","",            -1,             0,            50,no,            50,no
public.vendor_price_points,"","","","",            -1,             0,            50,no,            50,no
public.vendors,"","","","",            -1,             0,            50,no,            50,no
public.waitlist_entries,"","","","",            -1,             0,            50,no,            50,no
public.waste_log,"","","","",            -1,             0,            50,no,            50,no
public.waste_logs,"","","","",            -1,             0,            50,no,            50,no
public.webhook_deliveries,"","","","",            -1,             0,            50,no,            50,no
public.webhook_endpoints,"","","","",            -1,             0,            50,no,            50,no
public.webhook_events,"","","","",            -1,             0,            50,no,            50,no
public.website_stats_snapshots,"","","","",            -1,             0,            50,no,            50,no
public.wholesale_accounts,"","","","",            -1,             0,            50,no,            50,no
public.wholesale_orders,"","","","",            -1,             0,            50,no,            50,no
public.wix_connections,"","","","",            -1,             1,            50,no,            50,no
public.wix_submissions,"","","","",            -1,             0,            50,no,            50,no
public.workflow_execution_log,"","","","",            -1,             0,            50,no,            50,no
public.workflow_executions,"","","","",            -1,             0,            50,no,            50,no
public.workflow_steps,"","","","",            -1,             0,            50,no,            50,no
public.workflow_templates,"","","","",            -1,             0,            50,no,            50,no
public.zapier_webhook_deliveries,"","","","",            -1,             0,            50,no,            50,no
public.zapier_webhook_subscriptions,"","","","",            -1,             0,            50,no,            50,no
